{"num_users": 10, "avg_latency": 813.4166383743286, "total_time": 12.323303461074829}