{"num_users": 70, "avg_latency": 6696.5512064525055, "total_time": 44.34995722770691}