{"num_users": 100, "avg_latency": 9451.655489444733, "total_time": 59.4231653213501}