{
    "num_users": 10,
    "total_time_seconds": 17.529603481292725,
    "average_latency_ms": 1904.6343851089478,
    "user_latencies_ms": [
        2084.643268585205,
        1849.0188598632812,
        1812.9081726074219,
        1778.3124923706055,
        1954.1249752044678,
        1920.9403991699219,
        1745.3898906707764,
        2023.9336013793945,
        1989.601993560791,
        1887.4701976776123
    ]
}