{"num_users": 30, "avg_latency": 2610.661656061808, "total_time": 22.751078128814697}