{"num_users": 50, "avg_latency": 4863.2728633880615, "total_time": 33.944233894348145}